{
    "function": "bin.ensemble.main",
    "config": {
        "seeds": [
            5,
            6,
            7,
            8,
            9
        ]
    },
    "single_model_function": "bin.tabr.main",
    "data": ":data/amex",
    "prediction_type": "probs",
    "metrics": {
        "train": {
            "0": {
                "precision": 0.9189110435832327,
                "recall": 0.9310810240836813,
                "f1-score": 0.9249560043576636,
                "support": 23709
            },
            "1": {
                "precision": 0.795161088128369,
                "recall": 0.7650464358943433,
                "f1-score": 0.7798131300713056,
                "support": 8291
            },
            "accuracy": 0.8880625,
            "macro avg": {
                "precision": 0.8570360658558009,
                "recall": 0.8480637299890124,
                "f1-score": 0.8523845672144845,
                "support": 32000
            },
            "weighted avg": {
                "precision": 0.8868482035620991,
                "recall": 0.8880625,
                "f1-score": 0.8873503927730326,
                "support": 32000
            },
            "cross-entropy": 0.24079120040158555,
            "roc-auc": 0.9525651857685302,
            "score": 0.8880625
        },
        "val": {
            "0": {
                "precision": 0.9179042215918571,
                "recall": 0.9287523214587202,
                "f1-score": 0.923296408190668,
                "support": 5923
            },
            "1": {
                "precision": 0.7897359242650722,
                "recall": 0.7631198844487241,
                "f1-score": 0.7761998041136141,
                "support": 2077
            },
            "accuracy": 0.88575,
            "macro avg": {
                "precision": 0.8538200729284646,
                "recall": 0.8459361029537222,
                "f1-score": 0.849748106152141,
                "support": 8000
            },
            "weighted avg": {
                "precision": 0.8846285273983906,
                "recall": 0.88575,
                "f1-score": 0.8851064523571629,
                "support": 8000
            },
            "cross-entropy": 0.25937637420959864,
            "roc-auc": 0.9446129029819451,
            "score": 0.88575
        },
        "test": {
            "0": {
                "precision": 0.9140271493212669,
                "recall": 0.9304972225985639,
                "f1-score": 0.9221886539107084,
                "support": 7381
            },
            "1": {
                "precision": 0.7936444086886565,
                "recall": 0.7533409698358152,
                "f1-score": 0.7729676787463272,
                "support": 2619
            },
            "accuracy": 0.8841,
            "macro avg": {
                "precision": 0.8538357790049618,
                "recall": 0.8419190962171896,
                "f1-score": 0.8475781663285178,
                "support": 10000
            },
            "weighted avg": {
                "precision": 0.8824989095495863,
                "recall": 0.8841,
                "f1-score": 0.883107680515157,
                "support": 10000
            },
            "cross-entropy": 0.2602224839657092,
            "roc-auc": 0.9445355165391425,
            "score": 0.8841
        }
    }
}
