{
    "function": "bin.ensemble.main",
    "config": {
        "seeds": [
            10,
            11,
            12,
            13,
            14
        ]
    },
    "single_model_function": "bin.tabr.main",
    "data": ":data/amex",
    "prediction_type": "probs",
    "metrics": {
        "train": {
            "0": {
                "precision": 0.9173031666735477,
                "recall": 0.937112488928255,
                "f1-score": 0.927102023784686,
                "support": 23709
            },
            "1": {
                "precision": 0.8083301195526418,
                "recall": 0.7584127367024485,
                "f1-score": 0.7825762289981332,
                "support": 8291
            },
            "accuracy": 0.8908125,
            "macro avg": {
                "precision": 0.8628166431130948,
                "recall": 0.8477626128153517,
                "f1-score": 0.8548391263914096,
                "support": 32000
            },
            "weighted avg": {
                "precision": 0.8890689312460656,
                "recall": 0.8908125,
                "f1-score": 0.8896562936417076,
                "support": 32000
            },
            "cross-entropy": 0.2342163080716427,
            "roc-auc": 0.9550777547562774,
            "score": 0.8908125
        },
        "val": {
            "0": {
                "precision": 0.9129501156260323,
                "recall": 0.9331419888569982,
                "f1-score": 0.9229356266176839,
                "support": 5923
            },
            "1": {
                "precision": 0.7965056526207606,
                "recall": 0.746268656716418,
                "f1-score": 0.7705692269450659,
                "support": 2077
            },
            "accuracy": 0.884625,
            "macro avg": {
                "precision": 0.8547278841233965,
                "recall": 0.8397053227867081,
                "f1-score": 0.8467524267813749,
                "support": 8000
            },
            "weighted avg": {
                "precision": 0.8827182219182886,
                "recall": 0.884625,
                "f1-score": 0.8833775001026805,
                "support": 8000
            },
            "cross-entropy": 0.2604989387220688,
            "roc-auc": 0.9442172785378982,
            "score": 0.884625
        },
        "test": {
            "0": {
                "precision": 0.9108819251619727,
                "recall": 0.9333423655331256,
                "f1-score": 0.9219753747323339,
                "support": 7381
            },
            "1": {
                "precision": 0.7981124333196553,
                "recall": 0.7426498663612066,
                "f1-score": 0.7693829113924051,
                "support": 2619
            },
            "accuracy": 0.8834,
            "macro avg": {
                "precision": 0.854497179240814,
                "recall": 0.837996115947166,
                "f1-score": 0.8456791430623696,
                "support": 10000
            },
            "weighted avg": {
                "precision": 0.8813475952484697,
                "recall": 0.8834,
                "f1-score": 0.8820114085836065,
                "support": 10000
            },
            "cross-entropy": 0.26234625662850425,
            "roc-auc": 0.9439719610721501,
            "score": 0.8834
        }
    }
}
