{
    "function": "bin.tune.main",
    "gpus": [
        "NVIDIA GeForce RTX 2080 Ti"
    ],
    "config": {
        "seed": 0,
        "function": "bin.tabr.main",
        "n_trials": 50,
        "timeout": 14400,
        "sampler": {},
        "space": {
            "seed": 0,
            "batch_size": 256,
            "patience": 16,
            "n_epochs": Infinity,
            "context_size": 96,
            "data": {
                "seed": 0,
                "cache": true,
                "path": ":data/amex",
                "num_policy": "quantile",
                "cat_policy": null,
                "y_policy": null
            },
            "model": {
                "d_main": [
                    "_tune_",
                    "int",
                    96,
                    384
                ],
                "context_dropout": [
                    "_tune_",
                    "uniform",
                    0.0,
                    0.6
                ],
                "d_multiplier": 2.0,
                "encoder_n_blocks": [
                    "_tune_",
                    "int",
                    0,
                    1
                ],
                "predictor_n_blocks": [
                    "_tune_",
                    "int",
                    1,
                    2
                ],
                "mixer_normalization": "auto",
                "dropout0": [
                    "_tune_",
                    "uniform",
                    0.0,
                    0.6
                ],
                "dropout1": 0.0,
                "normalization": "LayerNorm",
                "activation": "ReLU",
                "num_embeddings": {
                    "type": "PLREmbeddings",
                    "n_frequencies": [
                        "_tune_",
                        "int",
                        16,
                        96
                    ],
                    "frequency_scale": [
                        "_tune_",
                        "loguniform",
                        0.01,
                        100.0
                    ],
                    "d_embedding": [
                        "_tune_",
                        "int",
                        16,
                        64
                    ],
                    "lite": true
                }
            },
            "optimizer": {
                "type": "AdamW",
                "lr": [
                    "_tune_",
                    "loguniform",
                    3e-05,
                    0.001
                ],
                "weight_decay": [
                    "_tune_",
                    "?loguniform",
                    0.0,
                    1e-06,
                    0.0001
                ]
            }
        }
    },
    "best": {
        "function": "bin.tabr.main",
        "gpus": [
            "NVIDIA GeForce RTX 2080 Ti"
        ],
        "config": {
            "seed": 0,
            "batch_size": 256,
            "patience": 16,
            "n_epochs": Infinity,
            "context_size": 96,
            "data": {
                "seed": 0,
                "cache": true,
                "path": ":data/amex",
                "num_policy": "quantile",
                "cat_policy": null,
                "y_policy": null
            },
            "model": {
                "d_main": 378,
                "context_dropout": 0.04058634224546598,
                "d_multiplier": 2.0,
                "encoder_n_blocks": 0,
                "predictor_n_blocks": 2,
                "mixer_normalization": "auto",
                "dropout0": 0.0002775902165332647,
                "dropout1": 0.0,
                "normalization": "LayerNorm",
                "activation": "ReLU",
                "num_embeddings": {
                    "type": "PLREmbeddings",
                    "n_frequencies": 78,
                    "frequency_scale": 0.010529004526305397,
                    "d_embedding": 44,
                    "lite": true
                }
            },
            "optimizer": {
                "type": "AdamW",
                "lr": 0.00013802788752689715,
                "weight_decay": 8.581355476302903e-05
            }
        },
        "n_parameters": 3174963,
        "prediction_type": "logits",
        "best_epoch": 9,
        "metrics": {
            "train": {
                "0": {
                    "precision": 0.9139976030086374,
                    "recall": 0.9328103251929647,
                    "f1-score": 0.9233081451175218,
                    "support": 23709
                },
                "1": {
                    "precision": 0.7958477508650519,
                    "recall": 0.7490049451212157,
                    "f1-score": 0.7717161675158444,
                    "support": 8291
                },
                "accuracy": 0.8851875,
                "macro avg": {
                    "precision": 0.8549226769368446,
                    "recall": 0.8409076351570902,
                    "f1-score": 0.8475121563166831,
                    "support": 32000
                },
                "weighted avg": {
                    "precision": 0.8833857147548102,
                    "recall": 0.8851875,
                    "f1-score": 0.8840316111707873,
                    "support": 32000
                },
                "cross-entropy": 0.24790875823319683,
                "roc-auc": 0.9494083264507168,
                "score": 0.8851875
            },
            "val": {
                "0": {
                    "precision": 0.9149147492137063,
                    "recall": 0.9331419888569982,
                    "f1-score": 0.9239384821130057,
                    "support": 5923
                },
                "1": {
                    "precision": 0.7978560490045942,
                    "recall": 0.7525276841598459,
                    "f1-score": 0.7745292368681863,
                    "support": 2077
                },
                "accuracy": 0.88625,
                "macro avg": {
                    "precision": 0.8563853991091502,
                    "recall": 0.8428348365084221,
                    "f1-score": 0.8492338594905959,
                    "support": 8000
                },
                "weighted avg": {
                    "precision": 0.8845233841719154,
                    "recall": 0.88625,
                    "f1-score": 0.8851481068163194,
                    "support": 8000
                },
                "cross-entropy": 0.26161981352346425,
                "roc-auc": 0.944479185659065,
                "score": 0.88625
            },
            "test": {
                "0": {
                    "precision": 0.9099801718440185,
                    "recall": 0.9326649505487061,
                    "f1-score": 0.9211829251973773,
                    "support": 7381
                },
                "1": {
                    "precision": 0.7958932238193018,
                    "recall": 0.7399770904925544,
                    "f1-score": 0.7669172932330828,
                    "support": 2619
                },
                "accuracy": 0.8822,
                "macro avg": {
                    "precision": 0.8529366978316602,
                    "recall": 0.8363210205206303,
                    "f1-score": 0.84405010921523,
                    "support": 10000
                },
                "weighted avg": {
                    "precision": 0.8801008001563452,
                    "recall": 0.8822,
                    "f1-score": 0.8807807561859284,
                    "support": 10000
                },
                "cross-entropy": 0.26392345950793644,
                "roc-auc": 0.9439373014280446,
                "score": 0.8822
            }
        },
        "time": "0:07:30",
        "chunk_size": null,
        "eval_batch_size": 4096,
        "trial_id": 11,
        "tuning_time": "1:12:34"
    },
    "time": "1:24:14",
    "n_completed_trials": 14,
    "continuations": [
        1
    ]
}
