{
    "function": "bin.ensemble.main",
    "config": {
        "seeds": [
            0,
            1,
            2,
            3,
            4
        ]
    },
    "single_model_function": "bin.tabr.main",
    "data": ":data/amex",
    "prediction_type": "probs",
    "metrics": {
        "train": {
            "0": {
                "precision": 0.9149085504314438,
                "recall": 0.9346661605297566,
                "f1-score": 0.9246818276653453,
                "support": 23709
            },
            "1": {
                "precision": 0.8008741483481168,
                "recall": 0.7514171993728139,
                "f1-score": 0.7753578095830741,
                "support": 8291
            },
            "accuracy": 0.8871875,
            "macro avg": {
                "precision": 0.8578913493897803,
                "recall": 0.8430416799512852,
                "f1-score": 0.8500198186242097,
                "support": 32000
            },
            "weighted avg": {
                "precision": 0.8853629495666668,
                "recall": 0.8871875,
                "f1-score": 0.8859929078553419,
                "support": 32000
            },
            "cross-entropy": 0.24596966543746504,
            "roc-auc": 0.9509738142419445,
            "score": 0.8871875
        },
        "val": {
            "0": {
                "precision": 0.9141297154202515,
                "recall": 0.9328043221340537,
                "f1-score": 0.9233726080053481,
                "support": 5923
            },
            "1": {
                "precision": 0.7965235173824131,
                "recall": 0.7501203659123736,
                "f1-score": 0.7726258368460204,
                "support": 2077
            },
            "accuracy": 0.885375,
            "macro avg": {
                "precision": 0.8553266164013322,
                "recall": 0.8414623440232136,
                "f1-score": 0.8479992224256843,
                "support": 8000
            },
            "weighted avg": {
                "precision": 0.8835962062546777,
                "recall": 0.885375,
                "f1-score": 0.8842349775431076,
                "support": 8000
            },
            "cross-entropy": 0.25905344941342456,
            "roc-auc": 0.9450771337606491,
            "score": 0.885375
        },
        "test": {
            "0": {
                "precision": 0.910060574137477,
                "recall": 0.9363229914645712,
                "f1-score": 0.9230050083472454,
                "support": 7381
            },
            "1": {
                "precision": 0.8046550290939318,
                "recall": 0.7392134402443681,
                "f1-score": 0.770547263681592,
                "support": 2619
            },
            "accuracy": 0.8847,
            "macro avg": {
                "precision": 0.8573578016157044,
                "recall": 0.8377682158544697,
                "f1-score": 0.8467761360144187,
                "support": 10000
            },
            "weighted avg": {
                "precision": 0.8824548618905724,
                "recall": 0.8847,
                "f1-score": 0.8830763250193108,
                "support": 10000
            },
            "cross-entropy": 0.26109470295992315,
            "roc-auc": 0.9445170486392235,
            "score": 0.8847
        }
    }
}
